{"AB":["International Border Region (Cardston)","Northeastern Alberta (Fort Chipewyan)","North Central Alberta (Slave Lake)","Northwestern Alberta (High Level)","Southeastern Alberta (Drumheller)","Kananaskis Country (Claresholm)","Remote Northeast (Fitzgerald)","Wainwright Region (Tofield)","Eastern Alberta (St. Paul)","Central Alberta (Stettler)","Central Foothills (Sundre)","Western Alberta (Jasper)","Rocky Mountain House","Fort Saskatchewan","Redwood Meadows","Grande Prairie ","Drayton Valley","Sherwood Park ","Fort McMurray ","Medicine Hat ","Spruce Grove ","Lloydminster","Chestermere","Sylvan Lake","Stony Plain","Peace River","Lethbridge","Strathmore","High River","Rocky View","Blackfalds","Whitecourt","St. Albert","Morinville","Wetaskiwin","Vegreville","Bonnyville","Wainwright","Red Deer ","Innisfail","Cold Lake","Athabasca","Vermilion","Coaldale","Cochrane","Beaumont","Edmonton","Barrhead","Westlock","Okotoks","Canmore","Calgary","Airdrie","Lacombe","Camrose","Brooks","Ponoka","Hinton","Taber","Banff","Edson","Leduc","Devon","Olds"],"BC":["Burnaby (East Big Bend / Stride Avenue / Edmonds / Cariboo-Armstrong)","North Island, Sunshine Coast, and Southern Gulf Islands (Whistler)","Inside Passage and the Queen Charlottes (Queen Charlotte City)","North Central Island and Bute Inlet Region (Gold River)","Central Okanagan and High Country (Revelstoke)","Cariboo and West Okanagan (100 Mile House)","Northern British Columbia (Fort Nelson)","Omineca and Yellowhead (Smithers)","Upper Columbia Region (Golden)","Harrison Lake Region (Agassiz)","South Okanagan (Summerland)","Central Island (Chemainus)","Juan de Fuca Shore (Sooke)","Lower Skeena (Port Edward)","West Kootenays (Rossland)","Chilcotin (Alexis Creek)","East Kootenays (Fernie)","Langley Township North","Maple Ridge Northwest","Langley Township East","Atlin Region (Atlin)","Similkameen (Hope)","Kamloops Southwest","Langley Township ","Saltspring Island","New Westminster ","Port Coquitlam ","Abbotsford East","Abbotsford West","Chilliwack East","Central Saanich","Campbell River ","Prince George ","Qualicum Beach","Fort St. John","Williams Lake","Prince Rupert","Dawson Creek","Mission East","Maple Ridge ","Langley City","Pitt Meadows","Mission West","Powell River","Saanich West","Port Alberni","Salmon Arm","Chilliwack","Abbotsford","Port Moody","White Rock","Parksville","Vancouver","Kimberley","Cranbrook","Castlegar","Penticton","Coquitlam","Esquimalt","Highlands","Metchosin","Ladysmith","Courtenay","Kamloops","Westbank","Winfield","Richmond","Squamish","Whistler","Oak Bay ","Victoria","Merritt","Kelowna","Quesnel","Burnaby","Kitimat","Terrace","Saanich","Nanaimo","Vernon","Nelson","Surrey","Sidney","Duncan","Trail","Delta","Comox","Cedar","Sooke"],"MB":["Northern Manitoba (Norway House)","Southeastern Manitoba (Lorette)","Southwestern Manitoba (Virden)","Eastern Manitoba (Beausejour)","Western Manitoba (Swan River)","North Interlake (Stonewall)","Brandon Region (Killarney)","Riding Mountain (Neepawa)","St. Francois Xavier","Portage la Prairie","East St. Paul","West St. Paul","St. Adolphe","Headingley","Oak Bluff","Steinbach","Ste. Anne","Flin Flon","Lockport","Winnipeg","Thompson","Selkirk","Cartier","Winkler","Brandon","Dauphin","The Pas","Morden","Taché","South","Narol"],"NB":["Lakeville, Shediac Bridge","Rothesay, Quispamsis","Fredericton Junction","Dieppe Moncton East","Campobello Island","St-Louis-de-Kent","Baie-Sainte-Anne","Tracadie-Sheila","Saint-Antoine","Durham Bridge","Burtts Corner","Saint-Jacques","Saint-Leonard","Perth-Andover","Florenceville","Saint-Quentin","Saint-Isidore","Grand Falls ","Smiths Creek","Hillsborough","Moores Mills","Saint-Basile","Plaster Rock","Petit-Rocher","Saint John ","Fredericton","St. Stephen","Campbellton","Youngs Cove","Rogersville","Petitcodiac","St. Andrews","St. Martins","Deer Island","Baker Brook","Centreville","Allardville","Grande-Anse","Paquetville","Quispamsis","Kingsclear","Edmundston","Dorchester","Bouctouche","Bass River","Richibucto","St. George","Canterbury","Blackville","Brantville","Riverview","Coverdale","Miramichi","Salisbury","Sackville","Pennfield","Boiestown","Millville","Woodstock","Dalhousie","Belledune","Beresford","Shippagan","Caraquet","Bathurst","Oromocto","Bayfield","Cap-Pelé","Gagetown","Apohaqui","Kingston","Nackawic","Hartland","Kedgwick","Balmoral","Inkerman","Doaktown","Red Bank","Moncton","Shediac","Cocagne","Lepreau","Hampton","Stanley","Lamèque","Sussex","Norton","McAdam","Harvey","Neguac","Minto","Grand","Debec","Bath"],"NL":["Northwest Newfoundland/Eastern Labrador (Mary's Harbour)","Southwestern Newfoundland (Channel-Port aux Basques)","Port au Port Peninsula region (St. George's)","Southeastern Avalon Peninsula (Ferryland)","Central Labrador (Happy Valley-Goose Bay)","North/Western Labrador (Churchill Falls)","Central Newfoundland (Bishops Falls)","Northeast Newfoundland (Lewisporte)","Northern Newfoundland (Springdale)","Bonavista Peninsula (Bonavista)","Burin Peninsula (Marystown)","Portugal Cove-St. Philips","Conception Bay","Labrador City","Corner Brook","Stephenville","St. John's ","Mount Pearl","Grand Falls","Clarenville","Carbonear","Deer Lake","Paradise","Western","Manuels","Windsor","Torbay","Goulds","Gander"],"NS":["Southern Northumberland Strait (Pictou)","Cobequid Bay north shore (Springhill)","Isthmus of Chignecto (River Hébert)","West Lunenburg County (New Germany)","West Cape Breton Island (Baddeck)","West Annapolis County (Middleton)","North Victoria County (Dingwall)","Mainland east shore (Lunenburg)","Southwest Mainland (Weymouth)","Canso region (Havre Boucher)","Hants County (Shubenacadie)","North Sydney South Central","Queens County (Shelburne)","Kings County (Kingston)","Digby Neck (Digby)","North Sydney North","Christmas Island","Lower Sackville ","Eastern Passage","Port Hawkesbury","Reserve Mines","New Waterford","Marion Bridge","Big Bras d'Or","Harrietsfield","Porters Lake","Port Morien","Alder Point","Loch Lomond","New Glasgow","Bridgewater","Louisbourg","Antigonish","Glace Bay","Dartmouth","Tantallon","Kentville","Wolfville","Coldbrook","Dominion","East Bay","Eskasoni","Waverley","Lakeside","Yarmouth","Fourchu","Enfield","Halifax","Bedford","Amherst","Sydney","Truro","Lantz","Iona"],"NT":["Southwestern Northwest Territories (Fort Liard)","Central Northwest Territories (Inuvik)","Yellowknife"],"NU":["Central Nunavut (Cambridge Bay)","Inner Nunavut (Rankin Inlet)","Outer Nunavut (Iqaluit)"],"ON":["Quinte Shores, East Northumberland County & Prince Edward County (Picton)","North York (Bedford Park / Lawrence Park West / Lawrence Manor East)","Stormont, Dundas and Glengarry United Counties (Alexandria)","Algoma, Sudbury District and Greater Sudbury (Chelmsford)","South Leeds and Grenville United Counties (Prescott)","Kawartha lakes and Haliburton County (Bobcaygeon)","West Durham Regional Municipality (Sunderland)","Prescott and Russell United Counties (Alfred)","North Peel Regional Municipality (Kleinburg)","Queen's Park Ontario Provincial Government","East Durham Regional Municipality (Orono)","Niagara Regional Municipality (Fonthill)","North York (Sweeney Park / Wigmore Park)","West Northumberland County (Millbrook)","Georgian Bay Southwest Shore (Dundalk)","Lake of the Woods East Shore (Ingolf)","National Capital Region (Almonte)","East Haldimand County (Waterdown)","Georgian Bay South Shore (Angus)","Timmins Region (South Porcupine)","Northwestern Ontario (Red Lake)","Rideau Lakes area (Kemptville)","Brant and Norfolk (Waterford)","Ontario Centre (Queensville)","West Haldimand (Port Dover)","Manitoulin (Little Current)","Bruce Peninsula (Wiarton)","Cochrane Region (Hearst)","Rainy River Region (Emo)","Kenora Region (Keewatin)","Whitby Region (Gormley)","Orleans (Fallingbrook)","Orleans (Queenswood)","Peterborough County","Cumberland Township","Middlesex (Clinton)","Essex (Belle River)","Wellington (Elora)","Elgin (Dorchester)","Frontenac County","Oxford (Norwich)","Perth (Mitchell)","Lambton (Forest)","Tecumseh Central","Greater Sudbury ","Dufferin County","St. Catharines ","Caledon Village","Penetanguishene","Holland Landing","Huron (Wingham)","Kent (Blenheim)","Stratford South","Stratford North","Renfrew County","Carleton Place","Niagara Falls ","Thornhill East","Richmond Hill ","Thornhill West","Lake Superior ","Sturgeon Falls","Elizabethtown","Port Colborne","Brampton West","Kirkland Lake","Sioux Lookout","Smiths Falls","Peterborough","Lake Simcoe ","Wasaga Beach","Port Stanley","Parry Sound ","Thunder Bay ","Fort Frances","Stittsville","Amherstview","Bowmanville","Stouffville","Mississauga","Orangeville","Springwater","Collingwood","Scarborough","North York ","Tillsonburg","St. Thomas ","Wallaceburg","Amherstburg","Timiskaming","Bracebridge","Gravenhurst","Parry Sound","Elliot Lake","Kapuskasing","Sault Ste. ","Gloucester","Cumberland","Hawkesbury","Brockville","Belleville","Woodbridge","Georgetown","Burlington","Port Perry","Willowdale","Don Mills ","East York ","Kincardine","Owen Sound","St. Mary's","Leamington","Kingsville","North Bay ","Huntsville","Gananoque","Port Hope","Pickering","Fort Erie","Newmarket","King City","Waterdown","Downsview","Etobicoke","Dunnville","Cambridge","Kitchener","Caledonia","Woodstock","Ingersoll","Strathroy","La Salle ","Nipissing","Hamilton","Rockland","Manotick","Cornwall","Kingston","Arnprior","Pembroke","Petawawa","Courtice","Bradford","Oakville","Brampton","Ancaster","Uxbridge","Alliston","Innisfil","Midhurst","Minesing","Waterloo","Listowel","Goderich","Tecumseh","Espanola","Toronto","Russell","Napanee","Renfrew","Trenton","Cobourg","Lindsay","Welland","Grimsby","Markham","Orillia","Concord","Keswick","Midland","Caledon","Meaford","Hanover","Chatham","Windsor","Timmins","Neebing","Algoma","Halton","Ottawa","Nepean","Kanata","Greely","Oshawa","Whitby","Aurora","Barrie","Bolton","Dundas","Milton","Weston","Guelph","Fergus","Elmira","Simcoe","Aylmer","London","Sarnia","Dryden","Kenora","Brant","Perth","Maple","Acton","Baden","Paris","Delhi","Essex","Ajax","York"],"PE":["Kings and Queens counties (Elmira)","Prince County","Charlottetown","Summerside","Stratford","Montague"],"QC":["Griffintown (Includes Île Notre-Dame & Île Sainte-Hélène)","Chaudière-Nord (Saint-Joseph-De-Beauce)","Bois-Francs-Sud (Saint-Nazaire-D'Acton)","Sainte-Catherine-de-la-Jacques-Cartier","Sainte-Thérèse-de-Blainville Northeast","Bas-St-Laurent-Ouest (Trois-Pistoles)","Abitibi-Témiscamingue-Est (Radisson)","Vaudreuil-Soulanges (Coteau-du-Lac)","Bas-St-Laurent-Est (Sainte-Luce)","Saguenay-Lac-St-Jean (Alouette)","Rivière-des-Prairies Northeast","Rivière-Des-Prairies Southwest","Gaspésie-Nord (Grande-Vallée)","L'Ancienne-Lorette Southwest","Métabetchouan-Lac-a-la-Croix","Akwesasne Region (Akwesasne)","Laurentides-Sud (Chénéville)","Outaouais-Nord (Ferme-Neuve)","Sainte-Thérèse-de-Blainville","Gaspésie-Sud (New Richmond)","Gaspésie-Ouest (Causapscal)","Manicouagan (Baie-Trinité)","Appalaches (La Pocatière)","Bois-Francs-Nord (Odanak)","Saint-Cyrille-De-Wendover","Saint-Jean-sur-Richelieu","Salaberry-de-Valleyfield","Chaudière-Sud (Disraeli)","St-Augustin-De-Desmaures","Les Îles-De-La-Madeleine","Lanaudière-Sud (Prévost)","Saint-Etienne-De-Lauzon","Sainte-Anne-De-Bellevue","Sainte-Agathe-Des-Monts","Stoneham-et-Tewkesbury","Le Fjord (Forestville)","Saint-Jean-Chrysostome","Reserved (Santa Claus)","Cartierville Northeast","L'Île Bizard Northeast","L'Île-Bizard Southwest","Estrie-Ouest (Fulford)","Abitibi-Témiscamingue","Saint-Lin-Laurentides","Sainte-Anne-Des-Monts","Baie-Comeau Northeast","Baie-Comeau Southwest","Saint-Vincent-de-Paul","Saint-Basile-Le-Grand","Chaudière-Appalaches","Jean-Talon Southeast","Pointe-Saint-Charles","Vaudreuil-Dorion RCM","Sept-Îles Southeast","Cap-de-la-Madeleine","Pointe-Aux-Trembles","Plateau Mont-Royal ","Notre-Dame-de-Grâce","Côte-Saint-Luc East","Dollard-Des-Ormeaux","Saint-Élie-d'Orford","Drummondville South","Dolbeau-Mistassini","Capitale-Nationale","L'Ancienne-Lorette","Charlesbourg South","Charlesbourg North","Ahuntsic Southwest","Nunavik (Kuujjuaq)","Région d'Oka (Oka)","L'Erable (Nantes)","Lac-Saint-Charles","Saint-Michel West","Saint-Michel East","Mount Royal South","Tour de la Bourse","Saint-Hubert West","Sainte-Catherine","Vaudreuil-Dorion","Centre-du-Québec","Saint-Redempteur","Centre-Sud North","Centre-Sud South","L'Île-Des-Soeurs","Petite-Bourgogne","Sainte-Geneviève","Rivière-du-Loup","Baie-Saint-Paul","Saint-Hippolyte","Saint-Hyacinthe","Côte-des-Neiges","Sainte-Dorothée","Greenfield Park","Saint-Ambroise","Saint-Félicien","Côte-Saint-Luc","Thetford Mines","Saint-Colomban","Sainte-Thérèse","Saint-Eustache","Mont-Tremblant","Saint-Constant","Cap-aux-Meules","Jonquière West","Trois-Rivières","Parc-Extension","Dorval Central","Saint-Franþois","Hull Southwest","Pointe-Claire","Val-des-Monts","Saint-Georges","Saint-Lambert","Victoriaville","Drummondville","Saint-Raymond","Saint-Nicolas","Saint-Léonard","Petite-Patrie","Saint-Laurent","Bromptonville","Masson-Angers","Rouyn-Noranda","Lac-Beauport","Beaconsfield","Port-Cartier","Sainte-Marie","Saint-Jérôme","Sainte-Adèle","Mont-Laurier","Sainte-Julie","Boucherville","Plessisville","Loretteville","Lac-Megantic","Mount Royal ","Cartierville","Duvernay-Est","Saint-Pierre","L'Île-Dorval","Beloeil East","Saint-Hubert","Saint-Sophie","L'Assomption","Saint-Prime","Hébertville","Quebec City","Louiseville","Ville-Marie","Chibougamau","Beauceville","L'Épiphanie","Laurentides","Cowansville","Châteauguay","Beauharnois","Saint-Émile","Maisonneuve","Saint-Henri","Ville Émard","Sainte-Rose","Pierrefonds","Rock Forest","Saint-Bruno","Valleyfield","Pont-Rouge","La Malbaie","Lanaudière","Repentigny","Terrebonne","Montérégie","Marieville","La Prairie","Région de ","Sainte-Foy","Jean-Talon","Val-Bélair","Black Lake","Chicoutimi","Laterrière","Shawinigan","Grand-Mère","Fabreville","Îles-Laval","Senneville","Sherbrooke","Buckingham","Mont-Joli","Donnacona","Hampstead","Westmount","Outaouais","Côte-Nord","Sept-Îles","Montmagny","Lavaltrie","Mascouche","Cap-Rouge","Pintendre","Jonquière","Becancour","Hochelaga","Outremont","Pont-Viau","Coaticook","Saint-Luc","Longueuil","La Plaine","Rimouski","Roberval","Clermont","Mauricie","La Tuque","Asbestos","Montreal","Kirkland","Maniwaki","Val-d'Or","La Sarre","Shefford","Varennes","Brossard","Beauport","Rosemont","Ahuntsic","Villeray","Duvernay","Chomedey","Joliette","Pincourt","Gatineau","Albanel","Shannon","Windsor","Chelsea","Lachute","Bromont","Farnham","Beloeil","Chambly","Mercier","Nicolet","Degelis","La Baie","Auteuil","LaSalle","Lachine","Roxboro","Mirabel","Chatham","Matane","Estrie","Dorval","Granby","Delson","Charny","Verdun","Vimont","Aylmer","Amqui","Magog","Gaspé","Lévis","Laval","Anjou","Place","Sorel","Alma","Amos","Hull"],"SK":["South Central Saskatchewan (Fort Qu'Appelle)","Southwestern Saskatchewan (Maple Creek)","Northwestern Saskatchewan (Battleford)","Northeastern Saskatchewan (Creighton)","Southeastern Saskatchewan (Carlyle)","Southern Saskatchewan (Assiniboia)","Western Saskatchewan (Kindersley)","Northern Saskatchewan (La Ronge)","Central Saskatchewan (Humboldt)","Eastern Saskatchewan (Melfort)","Yorkton Region (Melville)","North Battleford","Rm Of Sherwood","Prince Albert ","Swift Current","Lloydminster","Buena Vista","Meadow Lake","Moose Jaw ","Saskatoon","Yorkton","Estevan","Weyburn","Regina"],"YT":["Southeastern Yukon (Watson Lake)","Central Yukon (Dawson City)","Whitehorse"]}